,Brand,Description,Price,discount
0,AISLIN ,"UV Protection, Gradient Round, Shield Sunglasses (50)  (For Men & Women, Grey)",₹395,77% off
1,ROYAL SON ,"UV Protection Retro Square Sunglasses (49)  (For Men & Women, Silver)",₹664,66% off
2,Fastrack ,"UV Protection Rectangular Sunglasses (Free Size)  (For Men, Grey)",₹630,21% off
3,Fastrack ,"UV Protection Wayfarer Sunglasses (Free Size)  (For Men, Green)",₹758,15% off
4,ROZZETTA CRAFT ,"UV Protection Retro Square Sunglasses (Free Size)  (For Men & Women, Blue)",₹499,77% off
5,PHENOMENAL ,"UV Protection Retro Square Sunglasses (Free Size)  (For Men & Women, Yellow, Red)",₹399,80% off
6,PIRASO ,"UV Protection Aviator Sunglasses (Free Size)  (For Men & Women, Golden, Black)",₹349,78% off
7,Fastrack ,"UV Protection Wayfarer Sunglasses (Free Size)  (For Men, Grey)",₹733,18% off
8,ROZZETTA CRAFT ,"UV Protection, Gradient Rectangular Sunglasses (Free Size)  (For Men & Women, Blue)",₹404,79% off
9,Fastrack ,"Gradient, UV Protection Wayfarer Sunglasses (Free Size)  (For Men, Green)",₹621,22% off
10,DEIXELS ,"UV Protection Aviator, Wayfarer Sunglasses (Free Size)  (For Men & Women, Black)",₹202,83% off
11,HIPPON ,"UV Protection Wayfarer Sunglasses (55)  (For Men & Women, Violet)",₹251,79% off
12,Fastrack ,"UV Protection Aviator Sunglasses (58)  (For Men & Women, Grey)","₹1,085",16% off
13,NuVew ,"UV Protection Cat-eye Sunglasses (60)  (For Women, Black)",₹419,71% off
14,NuVew ,"UV Protection Aviator Sunglasses (58)  (For Men & Women, Black, Grey, Violet)",₹215,72% off
15,PHENOMENAL ,"UV Protection, Mirrored Retro Square Sunglasses (53)  (For Men & Women, Red, Black)",₹399,80% off
16,Singco India ,"UV Protection Aviator Sunglasses (Free Size)  (For Men & Women, Black, Blue, Brown)",₹339,71% off
17,Fastrack ,"UV Protection Aviator Sunglasses (Free Size)  (For Men, Green)",₹674,25% off
18,DEIXELS ,"UV Protection Round Sunglasses (Free Size)  (For Men & Women, Blue, Clear)",₹189,76% off
19,GANSTA ,"UV Protection, Night Vision, Riding Glasses Aviator Sunglasses (57)  (For Men & Women, Yellow, Clear)",₹292,85% off
20,ROZZETTA CRAFT ,"UV Protection, Riding Glasses Rectangular Sunglasses (Free Size)  (For Men & Women, Clear)",₹449,79% off
21,GANSTA ,"UV Protection Aviator Sunglasses (57)  (For Men, Black, Blue)",₹281,85% off
22,PHENOMENAL ,"UV Protection, Mirrored Retro Square Sunglasses (Free Size)  (For Men & Women, Red, Blue)",₹399,80% off
23,AISLIN ,"UV Protection, Gradient Wayfarer Sunglasses (57)  (For Men & Women, Black)",₹525,80% off
24,Fastrack ,"UV Protection Aviator Sunglasses (58)  (For Men & Women, Green)","₹1,123",13% off
25,Fastrack ,"UV Protection Wayfarer Sunglasses (56)  (For Men & Women, Green)",₹759,15% off
26,Fastrack ,"UV Protection Wayfarer Sunglasses (Free Size)  (For Men, Grey)",₹838,6% off
27,ROZZETTA CRAFT ,"UV Protection, Gradient Rectangular Sunglasses (Free Size)  (For Men & Women, Black)",₹499,77% off
28,Fastrack ,"Gradient, UV Protection Wayfarer Sunglasses (Free Size)  (For Men, Green)",₹638,20% off
29,NuVew ,"UV Protection, Riding Glasses Wayfarer Sunglasses (56)  (For Men & Women, Clear)",₹396,74% off
30,Singco India ,"Mirrored, Riding Glasses, Others Sports Sunglasses (50)  (For Men & Women, Black, Blue, Silver)",₹249,83% off
31,ROYAL SON ,"UV Protection Rectangular Sunglasses (58)  (For Men & Women, Black, Silver)",₹474,68% off
32,Villain ,"Others Retro Square Sunglasses (Free Size)  (For Men, Black)",₹599,20% off
33,Fastrack ,"UV Protection Aviator Sunglasses (Free Size)  (For Men & Women, Black)",₹749,6% off
34,elegante ,"UV Protection Wrap-around Sunglasses (Free Size)  (For Men & Women, Blue)",₹499,66% off
35,Fastrack ,"UV Protection Wayfarer Sunglasses (Free Size)  (For Men, Grey)",₹758,15% off
36,ROZZETTA CRAFT ,"UV Protection, Gradient Round Sunglasses (Free Size)  (For Men & Women, Black)",₹449,77% off
37,hipe ,"UV Protection, Mirrored Aviator Sunglasses (Free Size)  (For Men & Women, Blue)",₹199,80% off
38,ROZZETTA CRAFT ,"UV Protection Retro Square Sunglasses (Free Size)  (For Men & Women, Brown)",₹499,77% off
39,ROYAL SON ,"Mirrored Aviator Sunglasses (55)  (For Men, Black, Brown)",₹379,74% off
40,DEIXELS ,"UV Protection Wayfarer Sunglasses (Free Size)  (For Men & Women, Blue)",₹200,59% off
41,Flizz ,"UV Protection Retro Square Sunglasses (Free Size)  (For Boys & Girls, Black, Red)",₹399,81% off
42,Silver Kartz ,"UV Protection Oval Sunglasses (56)  (For Men & Women, Green)",₹284,76% off
43,GANSTA ,"UV Protection Aviator Sunglasses (57)  (For Men, Blue, Orange)",₹396,80% off
44,GANSTA ,"UV Protection, Riding Glasses Wayfarer Sunglasses (53)  (For Men & Women, Blue, Green)",₹260,86% off
45,PHENOMENAL ,"UV Protection Clubmaster Sunglasses (Free Size)  (For Men & Women, Black, Clear)",₹319,84% off
46,PHENOMENAL ,"UV Protection, Mirrored Clubmaster Sunglasses (Free Size)  (For Men & Women, Black, Blue)",₹319,84% off
47,ROZZETTA CRAFT ,"Gradient, UV Protection Round Sunglasses (Free Size)  (For Men & Women, Grey)",₹449,77% off
48,Fastrack ,"UV Protection Shield Sunglasses (Free Size)  (For Men, Grey)",₹759,15% off
49,AISLIN ,"UV Protection Cat-eye Sunglasses (58)  (For Women, Black)",₹606,75% off
50,PHENOMENAL ,"UV Protection, Mirrored Retro Square Sunglasses (53)  (For Men & Women, Blue, Pink)",₹399,80% off
51,Fastrack ,"Gradient, UV Protection Wayfarer Sunglasses (Free Size)  (For Men, Black)",₹629,21% off
52,ROYAL SON ,"UV Protection, Gradient Wayfarer Sunglasses (55)  (For Men & Women, Black, Brown)",₹217,78% off
53,AISLIN ,"UV Protection Shield, Wayfarer Sunglasses (61)  (For Men & Women, Clear)",₹469,74% off
54,hipe ,"Mirrored, UV Protection, Gradient Round Sunglasses (55)  (For Men & Women, Blue, Silver)",₹210,85% off
55,GANSTA ,"UV Protection Aviator Sunglasses (57)  (For Men & Women, Black, Green)",₹359,82% off
56,GANSTA ,"UV Protection, Night Vision, Riding Glasses Aviator Sunglasses (57)  (For Men & Women, Yellow, Clear)",₹292,85% off
57,ROYAL SON ,"Polarized, UV Protection Aviator Sunglasses (58)  (For Men & Women, Black)",₹711,64% off
58,hipe ,"UV Protection, Mirrored Round Sunglasses (Free Size)  (For Men & Women, Red, Yellow)",₹219,86% off
59,AISLIN ,"UV Protection Aviator Sunglasses (58)  (For Men & Women, Red)",₹469,71% off
60,ROZZETTA CRAFT ,"Mirrored, UV Protection Round Sunglasses (Free Size)  (For Men & Women, Blue)",₹399,72% off
61,hipe ,"Mirrored Wayfarer Sunglasses (55)  (For Men & Women, Blue)",₹219,78% off
62,ROYAL SON ,"UV Protection Wayfarer Sunglasses (55)  (For Men & Women, Black, Brown, Clear)",₹265,79% off
63,AISLIN ,"UV Protection, Gradient Aviator Sunglasses (61)  (For Men & Women, Brown)",₹658,69% off
64,GANSTA ,"Night Vision, Riding Glasses Wayfarer Sunglasses (53)  (For Men & Women, Yellow, Red)",₹207,88% off
65,Singco India ,"UV Protection, Riding Glasses, Others Aviator, Wayfarer Sunglasses (55)  (For Men & Women, Black, Black)",₹209,70% off
66,Fastrack ,"UV Protection Wayfarer Sunglasses (Free Size)  (For Men, Brown)",₹576,27% off
67,Fastrack ,"UV Protection Rectangular Sunglasses (59)  (For Men, Brown)","₹1,097",15% off
68,Fastrack ,"UV Protection Wayfarer Sunglasses (57)  (For Men, Grey)",₹559,30% off
69,AISLIN ,"UV Protection Aviator Sunglasses (58)  (For Men & Women, Green)",₹890,75% off
70,GANSTA ,"UV Protection, Mirrored, Gradient Wayfarer Sunglasses (53)  (For Men & Women, Blue)",₹281,85% off
71,Singco India ,"UV Protection Round Sunglasses (Free Size)  (For Men & Women, Red, Blue)",₹205,79% off
72,Crackers ,"UV Protection Aviator Sunglasses (55)  (For Men & Women, Red)",₹189,81% off
73,AISLIN ,"UV Protection, Gradient Wayfarer, Round Sunglasses (63)  (For Women, Grey)",₹764,76% off
74,Badfella ,"Polarized, UV Protection Retro Square Sunglasses (53)  (For Men & Women, Pink)",₹269,73% off
75,ROZZETTA CRAFT ,"UV Protection, Gradient Round Sunglasses (Free Size)  (For Men & Women, Blue)",₹449,83% off
76,PHENOMENAL ,"UV Protection Retro Square Sunglasses (Free Size)  (For Men & Women, Red, Black)",₹399,80% off
77,DEIXELS ,"Polarized, UV Protection, Riding Glasses Wayfarer Sunglasses (Free Size)  (For Men & Women, Black)",₹236,60% off
78,ROZZETTA CRAFT ,"Polarized, UV Protection Aviator Sunglasses (Free Size)  (For Men & Women, Black)",₹449,77% off
79,AISLIN ,"UV Protection, Mirrored Shield, Wayfarer Sunglasses (61)  (For Men & Women, Blue)",₹469,74% off
80,Singco India ,"UV Protection, Riding Glasses, Others Aviator, Wayfarer Sunglasses (55)  (For Men & Women, Black, Black)",₹209,70% off
81,AISLIN ,"UV Protection, Gradient Round, Shield Sunglasses (50)  (For Men & Women, Grey)",₹395,77% off
82,Fastrack ,"UV Protection Rectangular Sunglasses (Free Size)  (For Men, Grey)",₹630,21% off
83,Fastrack ,"UV Protection Wayfarer Sunglasses (Free Size)  (For Men, Green)",₹758,15% off
84,ROZZETTA CRAFT ,"UV Protection Retro Square Sunglasses (Free Size)  (For Men & Women, Blue)",₹499,77% off
85,PHENOMENAL ,"UV Protection Retro Square Sunglasses (Free Size)  (For Men & Women, Yellow, Red)",₹399,80% off
86,PIRASO ,"UV Protection Aviator Sunglasses (Free Size)  (For Men & Women, Golden, Black)",₹349,78% off
87,Fastrack ,"UV Protection Wayfarer Sunglasses (Free Size)  (For Men, Grey)",₹733,18% off
88,ROZZETTA CRAFT ,"UV Protection, Gradient Rectangular Sunglasses (Free Size)  (For Men & Women, Blue)",₹404,79% off
89,Fastrack ,"Gradient, UV Protection Wayfarer Sunglasses (Free Size)  (For Men, Green)",₹621,22% off
90,DEIXELS ,"UV Protection Aviator, Wayfarer Sunglasses (Free Size)  (For Men & Women, Black)",₹202,83% off
91,HIPPON ,"UV Protection Wayfarer Sunglasses (55)  (For Men & Women, Violet)",₹251,79% off
92,Fastrack ,"UV Protection Aviator Sunglasses (58)  (For Men & Women, Grey)","₹1,085",16% off
93,ROYAL SON ,"UV Protection Retro Square Sunglasses (49)  (For Men & Women, Silver)",₹664,66% off
94,NuVew ,"UV Protection Aviator Sunglasses (58)  (For Men & Women, Black, Grey, Violet)",₹215,72% off
95,PHENOMENAL ,"UV Protection, Mirrored Retro Square Sunglasses (53)  (For Men & Women, Red, Black)",₹399,80% off
96,Singco India ,"UV Protection Aviator Sunglasses (Free Size)  (For Men & Women, Black, Blue, Brown)",₹339,71% off
97,Fastrack ,"UV Protection Aviator Sunglasses (Free Size)  (For Men, Green)",₹674,25% off
98,DEIXELS ,"UV Protection Round Sunglasses (Free Size)  (For Men & Women, Blue, Clear)",₹189,76% off
99,NuVew ,"UV Protection Cat-eye Sunglasses (60)  (For Women, Black)",₹419,71% off
